{"cameraMode":{"drawMode":0,"name":"Shaded","section":"Shading Mode"},"sceneLighting":true,"audioPlay":false,"sceneViewState":{"showFog":true,"showMaterialUpdate":false,"showSkybox":true,"showFlares":true,"showImageEffects":true,"showParticleSystems":true},"in2DMode":false,"pivot":{"x":2.2887253761291506,"y":-1.8199164867401124,"z":-1.4690356254577637},"rotation":{"x":0.060207903385162356,"y":0.9259966015815735,"z":-0.16736289858818055,"w":0.33309245109558108},"size":10.887251853942871,"orthographic":false}